dataset,model,n,acc,prec,rec,f1
SST-2,Naive Bayes (TF-IDF),872,0.783256880733945,0.7401129943502824,0.8851351351351351,0.8061538461538461
SST-2,Linear SVM (TF-IDF),872,0.7855504587155964,0.7544554455445545,0.8581081081081081,0.8029504741833509
SST-2,Hybrid SVM (TF-IDF + lexicon),872,0.7981651376146789,0.7827004219409283,0.8355855855855856,0.8082788671023965
