dataset,model,n,acc,prec,rec,f1
SST-2,CNN (GloVe + Kim2014),872,0.819954128440367,0.7922606924643585,0.8761261261261262,0.8320855614973262
