dataset,model,n,acc,prec,rec,f1
SST-2,BERT (bert-base-uncased),872,0.926605504587156,0.9203539823008849,0.9369369369369369,0.9285714285714286
